<configuration>
    <springProfile name="default">
        <appender name="consoleAppender" class="ch.qos.logback.core.ConsoleAppender">
            <encoder class="net.logstash.logback.encoder.LogstashEncoder"/>
        </appender>
        <logger name="jsonLogger" additivity="false" level="INFO">
            <appender-ref ref="consoleAppender"/>
        </logger>
        <root level="INFO">
            <appender-ref ref="consoleAppender"/>
        </root>
    </springProfile>
    <springProfile name="local, pre, test">
        <appender name="STDOUT" class="ch.qos.logback.core.ConsoleAppender">
            <encoder>
                <pattern>%magenta(%d{dd-MM-yyyy HH:mm:ss.SSS}) %highlight(%-5level) %logger{36}.%M - %msg%n</pattern>
            </encoder>
        </appender>
        <root level="info">
            <appender-ref ref="STDOUT"/>
        </root>
    </springProfile>
</configuration>
